<configuration status="error">

    <appender name="CONSOLE" class="ch.qos.logback.core.ConsoleAppender">
        <layout class="ch.qos.logback.classic.PatternLayout">
            <Pattern>
                %date [%t] %highlight(%-5level) %cyan(%logger{5}@[%-4.30thread]) - %msg%n
            </Pattern>
        </layout>
    </appender>

    <appender name="FILE-ROLLING" class="ch.qos.logback.core.rolling.RollingFileAppender">
        <file>${HOME_LOG}.log</file>

        <rollingPolicy class="ch.qos.logback.core.rolling.SizeAndTimeBasedRollingPolicy">
            <fileNamePattern>logs/archived/app.%d{yyyy-MM-dd}.%i.log.gz</fileNamePattern>
            <!-- each archived file, size max 10MB -->
            <maxFileSize>5kB</maxFileSize>
            <!-- total size of all archive files, if total size > 20GB, it will delete old archived file -->
            <totalSizeCap>20kB</totalSizeCap>
            <!-- 60 days to keep -->
            <maxHistory>15</maxHistory>
        </rollingPolicy>

        <encoder>
            <pattern>%d %p %c{1.} [%t] %m%n</pattern>
        </encoder>
    </appender>

    <logger name="ua.shpp.hellojson.Main" level="debug" additivity="false">
        <appender-ref ref="FILE-ROLLING"/>
    </logger>

    <logger name="ua.shpp.hellojson.Main" level="debug" additivity="false">
        <appender-ref ref="CONSOLE"/>
    </logger>

    <root level="error">
        <appender-ref ref="CONSOLE"/>
    </root>

</configuration>